symbol,trade_date,open,high,low,close,volume,amount,adjust_type,created_at
H30007,2024-01-02,1750.11,1750.11,1719.29,1719.29,2935108.0,18123521020.0,none,2026-06-12 06:29:32
H30007,2024-01-03,1713.81,1722.26,1680.52,1686.65,3253372.0,18476785873.0,none,2026-06-12 06:29:32
H30007,2024-01-04,1684.66,1686.31,1650.64,1662.67,3125825.0,17119115034.0,none,2026-06-12 06:29:32
H30007,2024-01-05,1657.89,1675.65,1625.05,1636.4,2902221.0,15480987361.0,none,2026-06-12 06:29:32
H30007,2024-01-08,1627.66,1630.71,1580.72,1582.34,3364734.0,17521124831.0,none,2026-06-12 06:29:32
H30007,2024-01-09,1592.39,1602.01,1564.46,1578.32,3225096.0,16615092256.0,none,2026-06-12 06:29:32
H30007,2024-01-10,1572.61,1587.26,1549.28,1561.12,2643434.0,13684455180.0,none,2026-06-12 06:29:32
H30007,2024-01-11,1557.56,1591.85,1556.51,1583.34,2880446.0,15079336295.0,none,2026-06-12 06:29:32
H30007,2024-01-12,1578.06,1581.34,1554.09,1554.09,2560412.0,13192207932.0,none,2026-06-12 06:29:32
H30007,2024-01-15,1547.47,1583.42,1541.53,1558.68,3033710.0,15868380220.0,none,2026-06-12 06:29:32
H30007,2024-01-16,1557.45,1566.91,1536.37,1560.55,2839707.0,16792841886.0,none,2026-06-12 06:29:32
H30007,2024-01-17,1559.27,1560.34,1520.51,1520.51,2603804.0,14171700627.0,none,2026-06-12 06:29:32
H30007,2024-01-18,1509.76,1551.16,1490.03,1549.46,4053616.0,21908011345.0,none,2026-06-12 06:29:32
H30007,2024-01-19,1548.42,1564.62,1541.11,1544.54,3398517.0,16898796875.0,none,2026-06-12 06:29:32
H30007,2024-01-22,1540.37,1543.08,1476.27,1490.58,4156407.0,21348441342.0,none,2026-06-12 06:29:32
H30007,2024-01-23,1483.42,1508.59,1470.17,1500.42,3530976.0,18780922846.0,none,2026-06-12 06:29:32
H30007,2024-01-24,1504.91,1507.75,1442.87,1492.85,4156380.0,20526615988.0,none,2026-06-12 06:29:32
H30007,2024-01-25,1490.88,1531.73,1476.22,1527.35,4057592.0,20284797773.0,none,2026-06-12 06:29:32
H30007,2024-01-26,1512.24,1512.24,1472.33,1474.24,4321374.0,20408663512.0,none,2026-06-12 06:29:32
H30007,2024-01-29,1478.81,1500.31,1437.87,1437.87,3692658.0,18277181981.0,none,2026-06-12 06:29:32
H30007,2024-01-30,1426.49,1435.72,1375.31,1376.85,3634144.0,16956553165.0,none,2026-06-12 06:29:32
H30007,2024-01-31,1371.07,1380.35,1341.24,1343.36,4502929.0,18700234786.0,none,2026-06-12 06:29:32
H30007,2024-02-01,1338.6,1386.16,1325.02,1357.16,4172280.0,18976380742.0,none,2026-06-12 06:29:32
H30007,2024-02-02,1359.88,1365.21,1264.48,1306.21,4871555.0,20374885930.0,none,2026-06-12 06:29:32
H30007,2024-02-05,1301.5,1318.8,1218.19,1288.98,6091788.0,23910988049.0,none,2026-06-12 06:29:32
H30007,2024-02-06,1282.87,1381.67,1270.53,1380.76,5858116.0,24269397179.0,none,2026-06-12 06:29:32
H30007,2024-02-07,1382.59,1424.36,1373.25,1413.99,6525469.0,27199990319.0,none,2026-06-12 06:29:32
H30007,2024-02-08,1426.15,1486.52,1425.7,1460.56,6129024.0,27243594843.0,none,2026-06-12 06:29:32
H30007,2024-02-19,1496.95,1497.01,1459.35,1490.46,5515579.0,27349269310.0,none,2026-06-12 06:29:32
H30007,2024-02-20,1478.99,1490.84,1455.03,1480.39,6210984.0,22144107440.0,none,2026-06-12 06:29:32
H30007,2024-02-21,1462.2,1513.09,1457.3,1485.25,6490142.0,26716521575.0,none,2026-06-12 06:29:32
H30007,2024-02-22,1488.34,1516.37,1488.34,1510.14,5625584.0,24696143801.0,none,2026-06-12 06:29:32
H30007,2024-02-23,1522.67,1524.5,1495.65,1515.77,5348950.0,23790124441.0,none,2026-06-12 06:29:32
H30007,2024-02-26,1511.72,1547.12,1508.55,1524.58,5542291.0,24772864740.0,none,2026-06-12 06:29:32
H30007,2024-02-27,1514.28,1597.18,1507.32,1596.87,7108149.0,32969770859.0,none,2026-06-12 06:29:32
H30007,2024-02-28,1597.26,1624.9,1523.02,1523.02,7875479.0,37447797615.0,none,2026-06-12 06:29:32
H30007,2024-02-29,1519.7,1623.62,1519.7,1623.62,8224818.0,42742800099.0,none,2026-06-12 06:29:32
H30007,2024-03-01,1632.92,1661.24,1622.1,1655.8,8903392.0,43874655497.0,none,2026-06-12 06:29:32
H30007,2024-03-04,1667.44,1678.24,1634.68,1665.16,9101215.0,40760717307.0,none,2026-06-12 06:29:32
H30007,2024-03-05,1656.03,1682.38,1647.71,1658.79,8627603.0,40009130645.0,none,2026-06-12 06:29:32
H30007,2024-03-06,1648.98,1655.99,1613.43,1634.95,6869560.0,31034304302.0,none,2026-06-12 06:29:32
H30007,2024-03-07,1643.38,1660.31,1599.38,1599.38,6250520.0,30111228576.0,none,2026-06-12 06:29:32
H30007,2024-03-08,1605.5,1642.61,1598.09,1637.58,6851051.0,31234305044.0,none,2026-06-12 06:29:32
H30007,2024-03-11,1620.35,1655.67,1608.58,1655.39,6345365.0,30047660451.0,none,2026-06-12 06:29:32
H30007,2024-03-12,1653.83,1696.88,1646.29,1662.25,7013017.0,36565116679.0,none,2026-06-12 06:29:32
H30007,2024-03-13,1676.61,1690.64,1654.64,1657.75,6268554.0,33740360762.0,none,2026-06-12 06:29:32
H30007,2024-03-14,1641.98,1651.38,1611.38,1631.1,5457782.0,28895071091.0,none,2026-06-12 06:29:32
H30007,2024-03-15,1626.7,1635.8,1604.13,1632.85,4659952.0,24697237357.0,none,2026-06-12 06:29:32
H30007,2024-03-18,1637.73,1678.87,1634.41,1678.32,6278274.0,34331810405.0,none,2026-06-12 06:29:32
H30007,2024-03-19,1671.57,1686.22,1657.48,1657.49,5651584.0,30859782493.0,none,2026-06-12 06:29:32
H30007,2024-03-20,1654.89,1666.34,1638.78,1656.55,4501655.0,22994352689.0,none,2026-06-12 06:29:32
H30007,2024-03-21,1670.58,1688.09,1647.93,1655.23,5425863.0,30216896693.0,none,2026-06-12 06:29:32
H30007,2024-03-22,1654.5,1673.89,1639.68,1640.53,5749433.0,31470876935.0,none,2026-06-12 06:29:32
H30007,2024-03-25,1635.86,1643.8,1597.95,1598.47,5648783.0,29678274227.0,none,2026-06-12 06:29:32
H30007,2024-03-26,1600.95,1619.38,1569.77,1575.28,4632070.0,25077564803.0,none,2026-06-12 06:29:32
H30007,2024-03-27,1580.22,1580.96,1527.12,1527.12,5883690.0,26309785470.0,none,2026-06-12 06:29:32
H30007,2024-03-28,1525.73,1574.89,1519.91,1550.5,5559326.0,26155846727.0,none,2026-06-12 06:29:32
H30007,2024-03-29,1546.64,1552.6,1519.0,1552.1,4057783.0,19524928315.0,none,2026-06-12 06:29:32
H30007,2024-04-01,1561.76,1578.21,1556.95,1571.6,4497890.0,21621970977.0,none,2026-06-12 06:29:32
H30007,2024-04-02,1572.38,1572.68,1535.95,1545.22,4071317.0,20055765034.0,none,2026-06-12 06:29:32
H30007,2024-04-03,1543.52,1556.12,1516.21,1530.24,4240156.0,20541825177.0,none,2026-06-12 06:29:32
H30007,2024-04-08,1528.0,1531.22,1492.13,1492.13,3837603.0,17340342759.0,none,2026-06-12 06:29:32
H30007,2024-04-09,1491.35,1506.99,1479.67,1506.65,3170388.0,14165656548.0,none,2026-06-12 06:29:32
H30007,2024-04-10,1504.08,1504.78,1455.63,1463.28,3797871.0,17192349556.0,none,2026-06-12 06:29:32
H30007,2024-04-11,1461.68,1491.55,1461.15,1465.33,4195064.0,20028939089.0,none,2026-06-12 06:29:32
H30007,2024-04-12,1474.16,1498.39,1471.45,1473.3,4354119.0,21111708625.0,none,2026-06-12 06:29:32
H30007,2024-04-15,1476.64,1509.99,1470.73,1497.37,5015477.0,24879225662.0,none,2026-06-12 06:29:32
H30007,2024-04-16,1485.87,1493.28,1451.85,1453.04,4497321.0,20000344875.0,none,2026-06-12 06:29:32
H30007,2024-04-17,1465.41,1508.97,1464.33,1508.97,5104186.0,25071200377.0,none,2026-06-12 06:29:32
H30007,2024-04-18,1502.2,1518.02,1482.81,1493.0,4496491.0,23418398377.0,none,2026-06-12 06:29:32
H30007,2024-04-19,1479.09,1479.21,1443.31,1449.09,4181114.0,20494739180.0,none,2026-06-12 06:29:32
H30007,2024-04-22,1422.64,1457.98,1408.36,1451.25,3855104.0,18523330396.0,none,2026-06-12 06:29:32
H30007,2024-04-23,1450.53,1462.27,1435.52,1443.39,3422250.0,15793459392.0,none,2026-06-12 06:29:32
H30007,2024-04-24,1449.12,1471.56,1445.26,1471.49,4171394.0,19885368352.0,none,2026-06-12 06:29:32
H30007,2024-04-25,1462.23,1492.37,1456.07,1473.13,4044448.0,18255439495.0,none,2026-06-12 06:29:32
H30007,2024-04-26,1468.58,1515.96,1468.58,1513.52,5799740.0,28275713048.0,none,2026-06-12 06:29:32
H30007,2024-04-29,1518.94,1577.13,1518.94,1568.62,6868442.0,32857211400.0,none,2026-06-12 06:29:32
H30007,2024-04-30,1565.56,1567.54,1544.09,1549.27,4698564.0,23245126369.0,none,2026-06-12 06:29:32
H30007,2024-05-06,1573.88,1584.51,1561.92,1563.82,4937691.0,24178978892.0,none,2026-06-12 06:29:32
H30007,2024-05-07,1563.44,1575.77,1548.97,1552.69,4174006.0,20840305080.0,none,2026-06-12 06:29:32
H30007,2024-05-08,1551.4,1553.81,1526.98,1531.28,3610697.0,17737385838.0,none,2026-06-12 06:29:32
H30007,2024-05-09,1531.26,1568.74,1531.26,1568.03,4831617.0,25305669862.0,none,2026-06-12 06:29:32
H30007,2024-05-10,1568.89,1570.05,1528.08,1535.39,4961467.0,25855554060.0,none,2026-06-12 06:29:32
H30007,2024-05-13,1518.48,1542.17,1509.65,1518.14,3988357.0,20559686939.0,none,2026-06-12 06:29:32
H30007,2024-05-14,1524.83,1537.58,1510.1,1517.83,3293481.0,17125747615.0,none,2026-06-12 06:29:32
H30007,2024-05-15,1510.6,1526.57,1497.71,1498.03,4842485.0,19311646833.0,none,2026-06-12 06:29:32
H30007,2024-05-16,1508.39,1514.57,1495.02,1498.81,4673348.0,20660491724.0,none,2026-06-12 06:29:32
H30007,2024-05-17,1494.43,1520.31,1486.84,1520.31,4226795.0,18813808256.0,none,2026-06-12 06:29:32
H30007,2024-05-20,1518.43,1538.16,1512.83,1522.85,4411819.0,20333554182.0,none,2026-06-12 06:29:32
H30007,2024-05-21,1519.66,1526.29,1510.15,1511.58,3395771.0,16753346349.0,none,2026-06-12 06:29:32
H30007,2024-05-22,1514.09,1520.02,1496.45,1518.26,4357321.0,17918976299.0,none,2026-06-12 06:29:32
H30007,2024-05-23,1518.99,1520.86,1492.48,1493.05,4750890.0,19344978684.0,none,2026-06-12 06:29:32
H30007,2024-05-24,1490.58,1499.53,1453.43,1454.0,4203282.0,19170146612.0,none,2026-06-12 06:29:32
H30007,2024-05-27,1454.88,1505.21,1437.93,1504.06,6365604.0,28237233777.0,none,2026-06-12 06:29:32
H30007,2024-05-28,1505.38,1549.64,1501.17,1504.26,7848597.0,32173016993.0,none,2026-06-12 06:29:32
H30007,2024-05-29,1498.24,1511.54,1487.79,1495.15,5202146.0,20131703770.0,none,2026-06-12 06:29:32
H30007,2024-05-30,1488.53,1539.75,1479.62,1528.55,7399309.0,29614361078.0,none,2026-06-12 06:29:32
H30007,2024-05-31,1526.4,1544.2,1518.74,1522.63,6117882.0,25527800254.0,none,2026-06-12 06:29:32
H30007,2024-06-03,1524.89,1561.01,1523.51,1550.24,7447879.0,32695276412.0,none,2026-06-12 06:29:32
H30007,2024-06-04,1545.98,1553.99,1532.29,1549.45,5309862.0,22421064290.0,none,2026-06-12 06:29:32
H30007,2024-06-05,1546.87,1581.85,1546.77,1558.83,6514501.0,28283814341.0,none,2026-06-12 06:29:32
H30007,2024-06-06,1576.24,1588.41,1549.55,1553.36,8329190.0,35327304012.0,none,2026-06-12 06:29:32
H30007,2024-06-07,1556.81,1580.26,1535.39,1551.89,7364199.0,30443213993.0,none,2026-06-12 06:29:32
H30007,2024-06-11,1550.92,1615.06,1550.75,1614.62,10220234.0,43112515128.0,none,2026-06-12 06:29:32
H30007,2024-06-12,1614.89,1625.75,1603.09,1607.78,9010145.0,36379530461.0,none,2026-06-12 06:29:32
H30007,2024-06-13,1617.3,1644.42,1615.05,1620.97,9315274.0,41649825384.0,none,2026-06-12 06:29:32
H30007,2024-06-14,1613.37,1617.11,1596.99,1611.74,8351931.0,38352688639.0,none,2026-06-12 06:29:32
H30007,2024-06-17,1604.88,1655.54,1603.92,1649.06,8807028.0,38234354100.0,none,2026-06-12 06:29:32
H30007,2024-06-18,1649.32,1666.34,1637.0,1648.19,6875758.0,30883766097.0,none,2026-06-12 06:29:32
H30007,2024-06-19,1653.53,1660.14,1626.33,1646.73,8143097.0,34785565112.0,none,2026-06-12 06:29:32
H30007,2024-06-20,1640.65,1690.01,1638.68,1651.9,8634141.0,38160136913.0,none,2026-06-12 06:29:32
H30007,2024-06-21,1630.3,1656.82,1608.6,1656.4,6230332.0,28949827635.0,none,2026-06-12 06:29:32
H30007,2024-06-24,1648.35,1670.89,1608.65,1612.46,7351452.0,32967516294.0,none,2026-06-12 06:29:32
H30007,2024-06-25,1608.29,1611.3,1536.34,1548.71,7482697.0,32845197150.0,none,2026-06-12 06:29:32
H30007,2024-06-26,1556.89,1589.19,1538.01,1583.4,5820133.0,25303002908.0,none,2026-06-12 06:29:32
H30007,2024-06-27,1571.67,1596.6,1561.6,1561.6,5423546.0,23637726604.0,none,2026-06-12 06:29:32
H30007,2024-06-28,1554.57,1585.34,1553.29,1565.09,5475576.0,25009439873.0,none,2026-06-12 06:29:32
H30007,2024-07-01,1561.99,1570.81,1529.1,1561.82,4658851.0,21196232971.0,none,2026-06-12 06:29:32
H30007,2024-07-02,1559.42,1560.04,1531.56,1535.16,4240394.0,19771462101.0,none,2026-06-12 06:29:32
H30007,2024-07-03,1534.88,1571.3,1516.51,1555.59,5848395.0,23607151318.0,none,2026-06-12 06:29:32
H30007,2024-07-04,1552.63,1563.99,1530.24,1531.01,4483538.0,18200807657.0,none,2026-06-12 06:29:32
H30007,2024-07-05,1528.01,1538.68,1498.03,1531.89,4609738.0,19671219142.0,none,2026-06-12 06:29:32
H30007,2024-07-08,1544.13,1559.85,1525.51,1531.25,4779901.0,22073315566.0,none,2026-06-12 06:29:32
H30007,2024-07-09,1526.71,1596.79,1524.65,1592.71,8348409.0,34169402374.0,none,2026-06-12 06:29:32
H30007,2024-07-10,1584.46,1601.73,1582.82,1591.06,5575341.0,24140346567.0,none,2026-06-12 06:29:32
H30007,2024-07-11,1616.39,1624.52,1580.65,1606.08,6955759.0,32250739830.0,none,2026-06-12 06:29:32
H30007,2024-07-12,1590.32,1625.5,1583.06,1616.9,4982501.0,24868939334.0,none,2026-06-12 06:29:32
H30007,2024-07-15,1620.05,1643.1,1620.05,1628.31,5411842.0,24789158747.0,none,2026-06-12 06:29:32
H30007,2024-07-16,1622.39,1682.03,1617.08,1678.64,7420028.0,37658101713.0,none,2026-06-12 06:29:32
H30007,2024-07-17,1673.67,1686.4,1659.32,1659.32,6572736.0,31764951810.0,none,2026-06-12 06:29:32
H30007,2024-07-18,1636.53,1673.99,1608.37,1664.88,7574123.0,37165211936.0,none,2026-06-12 06:29:32
H30007,2024-07-19,1654.64,1716.39,1653.71,1705.13,9143369.0,43576139264.0,none,2026-06-12 06:29:32
H30007,2024-07-22,1707.88,1725.88,1696.9,1707.3,7407690.0,34055173156.0,none,2026-06-12 06:29:32
H30007,2024-07-23,1702.08,1702.22,1623.24,1623.93,7297403.0,34220784420.0,none,2026-06-12 06:29:32
H30007,2024-07-24,1622.0,1644.17,1600.69,1605.34,5959048.0,27537566374.0,none,2026-06-12 06:29:32
H30007,2024-07-25,1592.11,1610.07,1581.32,1588.82,5040587.0,22572439916.0,none,2026-06-12 06:29:32
H30007,2024-07-26,1588.52,1611.91,1574.4,1602.05,4574150.0,21530287526.0,none,2026-06-12 06:29:32
H30007,2024-07-29,1601.7,1613.36,1575.56,1575.56,4475506.0,20494305140.0,none,2026-06-12 06:29:32
H30007,2024-07-30,1570.42,1596.85,1555.73,1591.74,5113034.0,21006729800.0,none,2026-06-12 06:29:32
H30007,2024-07-31,1582.53,1655.12,1580.99,1653.0,7242133.0,31848478967.0,none,2026-06-12 06:29:32
H30007,2024-08-01,1660.14,1683.9,1644.3,1662.38,7075200.0,30654110074.0,none,2026-06-12 06:29:32
H30007,2024-08-02,1637.81,1660.03,1611.25,1615.86,6179914.0,27402523029.0,none,2026-06-12 06:29:32
H30007,2024-08-05,1594.65,1615.16,1542.88,1542.89,7159099.0,31939647544.0,none,2026-06-12 06:29:32
H30007,2024-08-06,1569.8,1573.75,1531.47,1552.94,5197279.0,21150802052.0,none,2026-06-12 06:29:32
H30007,2024-08-07,1551.45,1561.02,1533.14,1535.53,3881811.0,16547351095.0,none,2026-06-12 06:29:32
H30007,2024-08-08,1523.31,1563.62,1511.22,1543.5,4594312.0,19998396206.0,none,2026-06-12 06:29:32
H30007,2024-08-09,1567.58,1573.86,1543.41,1543.41,4305216.0,19809804044.0,none,2026-06-12 06:29:32
H30007,2024-08-12,1535.82,1546.3,1528.03,1535.16,3175453.0,13564985785.0,none,2026-06-12 06:29:32
H30007,2024-08-13,1536.94,1549.84,1529.03,1546.8,2916135.0,12942790941.0,none,2026-06-12 06:29:32
H30007,2024-08-14,1550.44,1552.5,1525.43,1525.67,3060757.0,14168711134.0,none,2026-06-12 06:29:32
H30007,2024-08-15,1520.05,1553.98,1518.22,1534.5,3809339.0,16740867124.0,none,2026-06-12 06:29:32
H30007,2024-08-16,1536.39,1546.19,1526.87,1528.56,3550498.0,15044566575.0,none,2026-06-12 06:29:32
H30007,2024-08-19,1527.18,1547.84,1521.2,1528.1,3546261.0,15434080196.0,none,2026-06-12 06:29:32
H30007,2024-08-20,1532.15,1533.03,1501.51,1505.9,3515595.0,15348761381.0,none,2026-06-12 06:29:32
H30007,2024-08-21,1499.73,1518.4,1493.53,1496.4,3834434.0,17094233143.0,none,2026-06-12 06:29:32
H30007,2024-08-22,1495.84,1497.43,1469.67,1473.32,3539656.0,16194351783.0,none,2026-06-12 06:29:32
H30007,2024-08-23,1465.03,1471.28,1446.89,1463.06,3142279.0,15756621950.0,none,2026-06-12 06:29:32
H30007,2024-08-26,1463.96,1476.23,1453.63,1459.45,3009118.0,13559751130.0,none,2026-06-12 06:29:32
H30007,2024-08-27,1454.11,1454.11,1433.5,1436.9,3011160.0,12174431317.0,none,2026-06-12 06:29:32
H30007,2024-08-28,1434.42,1444.61,1428.16,1438.1,2827299.0,11859065421.0,none,2026-06-12 06:29:32
H30007,2024-08-29,1430.04,1466.59,1427.54,1455.3,3629577.0,15377555125.0,none,2026-06-12 06:29:32
H30007,2024-08-30,1454.01,1518.41,1454.01,1505.66,5677369.0,25617231196.0,none,2026-06-12 06:29:32
H30007,2024-09-02,1504.49,1510.33,1449.78,1449.78,4215264.0,18915141611.0,none,2026-06-12 06:29:32
H30007,2024-09-03,1450.86,1473.88,1450.74,1459.65,2937118.0,13489194908.0,none,2026-06-12 06:29:32
H30007,2024-09-04,1441.11,1460.67,1437.28,1447.84,2504259.0,11173762540.0,none,2026-06-12 06:29:32
H30007,2024-09-05,1449.04,1464.97,1436.65,1443.93,2607780.0,13640635615.0,none,2026-06-12 06:29:32
H30007,2024-09-06,1445.69,1449.6,1420.81,1420.81,2793037.0,12630682184.0,none,2026-06-12 06:29:32
H30007,2024-09-09,1415.85,1434.86,1408.31,1413.54,2534334.0,11079019309.0,none,2026-06-12 06:29:32
H30007,2024-09-10,1414.76,1434.53,1397.5,1425.71,3132409.0,13244802565.0,none,2026-06-12 06:29:32
H30007,2024-09-11,1419.85,1427.43,1415.21,1422.13,2201942.0,9540009988.0,none,2026-06-12 06:29:32
H30007,2024-09-12,1429.75,1438.29,1405.33,1405.5,2462837.0,10278530399.0,none,2026-06-12 06:29:32
H30007,2024-09-13,1406.04,1415.58,1385.86,1389.72,2736517.0,12348265357.0,none,2026-06-12 06:29:32
H30007,2024-09-18,1391.83,1393.05,1364.28,1375.99,2906067.0,11645066515.0,none,2026-06-12 06:29:32
H30007,2024-09-19,1383.82,1406.96,1367.87,1389.49,3551413.0,14237966701.0,none,2026-06-12 06:29:32
H30007,2024-09-20,1389.88,1396.27,1367.28,1380.32,2809045.0,12614634542.0,none,2026-06-12 06:29:32
H30007,2024-09-23,1377.95,1391.4,1362.52,1362.52,2662506.0,12526194016.0,none,2026-06-12 06:29:32
H30007,2024-09-24,1373.28,1418.03,1355.65,1417.81,5505903.0,23498712408.0,none,2026-06-12 06:29:32
H30007,2024-09-25,1434.31,1465.93,1425.26,1428.26,6258665.0,26474074015.0,none,2026-06-12 06:29:32
H30007,2024-09-26,1428.82,1489.94,1419.63,1489.62,6565360.0,28446515803.0,none,2026-06-12 06:29:32
H30007,2024-09-27,1514.24,1602.03,1514.24,1602.03,7151944.0,31828930457.0,none,2026-06-12 06:29:32
H30007,2024-09-30,1696.54,1846.84,1670.52,1846.77,15966665.0,77919353051.0,none,2026-06-12 06:29:32
H30007,2024-10-08,2142.68,2142.68,2063.7,2142.59,17368834.0,101914715482.0,none,2026-06-12 06:29:32
H30007,2024-10-09,2123.95,2371.61,2049.53,2185.39,32384799.0,193648633152.0,none,2026-06-12 06:29:32
H30007,2024-10-10,2214.8,2218.43,2026.43,2059.57,19963550.0,114533403257.0,none,2026-06-12 06:29:32
H30007,2024-10-11,2001.2,2038.94,1904.89,1930.05,13439610.0,74007528478.0,none,2026-06-12 06:29:32
H30007,2024-10-14,1931.6,2000.31,1874.14,1994.72,13965328.0,77546027705.0,none,2026-06-12 06:29:32
H30007,2024-10-15,1994.28,2057.29,1957.55,1957.55,13213220.0,76221393023.0,none,2026-06-12 06:29:32
H30007,2024-10-16,1892.48,1951.36,1889.78,1910.67,8941907.0,50096752493.0,none,2026-06-12 06:29:32
H30007,2024-10-17,1959.38,1970.28,1918.25,1918.51,9609656.0,54704785202.0,none,2026-06-12 06:29:32
H30007,2024-10-18,1921.55,2198.57,1916.65,2145.19,20195946.0,117093177817.0,none,2026-06-12 06:29:32
H30007,2024-10-21,2202.46,2346.85,2158.5,2198.44,24893948.0,157218275578.0,none,2026-06-12 06:29:32
H30007,2024-10-22,2167.9,2222.81,2131.99,2163.65,16673851.0,98303387320.0,none,2026-06-12 06:29:32
H30007,2024-10-23,2141.64,2177.38,2122.45,2130.03,12744057.0,74362592946.0,none,2026-06-12 06:29:32
H30007,2024-10-24,2108.81,2159.56,2107.97,2130.93,10878347.0,63161279684.0,none,2026-06-12 06:29:32
H30007,2024-10-25,2141.02,2195.42,2110.9,2147.45,11510477.0,67256820874.0,none,2026-06-12 06:29:32
H30007,2024-10-28,2144.55,2150.45,2119.2,2142.2,11162113.0,57408914957.0,none,2026-06-12 06:29:32
H30007,2024-10-29,2143.94,2215.28,2137.39,2137.7,16063005.0,83415639067.0,none,2026-06-12 06:29:32
H30007,2024-10-30,2121.61,2146.52,2082.91,2107.83,17390151.0,78473881397.0,none,2026-06-12 06:29:32
H30007,2024-10-31,2111.07,2179.81,2080.46,2153.4,19910065.0,92847121041.0,none,2026-06-12 06:29:32
H30007,2024-11-01,2139.93,2150.28,2070.77,2070.77,17752222.0,81749339962.0,none,2026-06-12 06:29:32
H30007,2024-11-04,2062.19,2116.06,2061.7,2109.63,12261652.0,59573862763.0,none,2026-06-12 06:29:32
H30007,2024-11-05,2110.29,2221.34,2102.28,2211.68,17193638.0,93573267573.0,none,2026-06-12 06:29:32
H30007,2024-11-06,2234.27,2282.77,2196.71,2240.51,20757913.0,108975073039.0,none,2026-06-12 06:29:32
H30007,2024-11-07,2219.97,2329.69,2216.3,2309.18,16344464.0,92431804930.0,none,2026-06-12 06:29:32
H30007,2024-11-08,2370.27,2428.11,2315.9,2316.45,20561812.0,128741463348.0,none,2026-06-12 06:29:32
H30007,2024-11-11,2348.29,2467.65,2343.08,2463.25,24179317.0,144698074056.0,none,2026-06-12 06:29:32
H30007,2024-11-12,2453.46,2461.16,2375.5,2404.23,20286951.0,121250294926.0,none,2026-06-12 06:29:32
H30007,2024-11-13,2380.21,2414.28,2355.18,2405.46,14395014.0,89586892973.0,none,2026-06-12 06:29:32
H30007,2024-11-14,2389.19,2405.32,2309.12,2315.28,13735341.0,81145063789.0,none,2026-06-12 06:29:32
H30007,2024-11-15,2308.56,2322.52,2212.08,2212.47,13271289.0,77279002705.0,none,2026-06-12 06:29:32
H30007,2024-11-18,2212.32,2241.94,2147.43,2164.0,11845074.0,66502828324.0,none,2026-06-12 06:29:32
H30007,2024-11-19,2171.81,2239.83,2142.25,2235.23,10718116.0,62094359414.0,none,2026-06-12 06:29:32
H30007,2024-11-20,2225.56,2244.47,2200.39,2229.77,9134068.0,52225945348.0,none,2026-06-12 06:29:32
H30007,2024-11-21,2222.65,2271.87,2215.94,2241.72,8769094.0,54842652201.0,none,2026-06-12 06:29:32
H30007,2024-11-22,2243.2,2268.17,2141.96,2143.44,10343780.0,61856214516.0,none,2026-06-12 06:29:32
H30007,2024-11-25,2144.6,2154.42,2072.92,2113.24,8752781.0,52043604782.0,none,2026-06-12 06:29:32
H30007,2024-11-26,2108.29,2133.46,2096.14,2097.93,5483579.0,32107765082.0,none,2026-06-12 06:29:32
H30007,2024-11-27,2087.52,2168.63,2062.58,2166.09,8576815.0,51582028057.0,none,2026-06-12 06:29:32
H30007,2024-11-28,2166.44,2209.8,2150.03,2157.9,7777734.0,48916408866.0,none,2026-06-12 06:29:32
H30007,2024-11-29,2148.47,2242.66,2131.02,2199.78,9127387.0,56533940035.0,none,2026-06-12 06:29:32
H30007,2024-12-02,2196.45,2231.66,2184.68,2214.63,9936180.0,58316169617.0,none,2026-06-12 06:29:32
H30007,2024-12-03,2220.14,2230.63,2159.62,2177.9,8541798.0,52325747777.0,none,2026-06-12 06:29:32
H30007,2024-12-04,2231.36,2251.3,2176.46,2183.6,10672563.0,66446228258.0,none,2026-06-12 06:29:32
H30007,2024-12-05,2165.12,2187.78,2159.37,2176.88,6591549.0,41175436812.0,none,2026-06-12 06:29:32
H30007,2024-12-06,2175.62,2225.85,2159.52,2205.36,8061738.0,48842247634.0,none,2026-06-12 06:29:32
H30007,2024-12-09,2197.53,2206.27,2154.13,2169.35,6296982.0,39914457810.0,none,2026-06-12 06:29:32
H30007,2024-12-10,2272.63,2275.23,2181.25,2186.6,9404370.0,62243421263.0,none,2026-06-12 06:29:32
H30007,2024-12-11,2176.46,2199.65,2167.75,2177.01,7512422.0,49533362166.0,none,2026-06-12 06:29:32
H30007,2024-12-12,2176.8,2195.81,2160.34,2193.81,7359895.0,48498006688.0,none,2026-06-12 06:29:32
H30007,2024-12-13,2176.5,2194.07,2153.15,2157.56,10655493.0,72068894720.0,none,2026-06-12 06:29:32
H30007,2024-12-16,2156.23,2164.23,2110.92,2120.75,9005981.0,61189362501.0,none,2026-06-12 06:29:32
H30007,2024-12-17,2113.69,2129.59,2097.31,2101.9,6203130.0,40332229295.0,none,2026-06-12 06:29:32
H30007,2024-12-18,2108.57,2170.62,2099.15,2163.21,8076260.0,57502216310.0,none,2026-06-12 06:29:32
H30007,2024-12-19,2135.54,2231.05,2133.11,2213.35,10200944.0,74228487455.0,none,2026-06-12 06:29:32
H30007,2024-12-20,2205.53,2325.94,2203.7,2287.6,14929759.0,101553841589.0,none,2026-06-12 06:29:32
H30007,2024-12-23,2285.4,2321.84,2243.02,2246.57,11650166.0,87405515110.0,none,2026-06-12 06:29:32
H30007,2024-12-24,2257.98,2284.17,2206.43,2281.52,9406675.0,67397961082.0,none,2026-06-12 06:29:32
H30007,2024-12-25,2283.34,2313.71,2269.53,2282.33,8613351.0,65385921634.0,none,2026-06-12 06:29:32
H30007,2024-12-26,2273.0,2332.98,2265.28,2327.55,11385348.0,76351590377.0,none,2026-06-12 06:29:32
H30007,2024-12-27,2323.61,2367.74,2297.53,2302.06,12278322.0,84401436329.0,none,2026-06-12 06:29:32
H30007,2024-12-30,2294.91,2339.09,2281.72,2306.37,10337457.0,68983460702.0,none,2026-06-12 06:29:32
H30007,2024-12-31,2307.16,2309.74,2212.09,2212.09,10654394.0,67403585731.0,none,2026-06-12 06:29:32
H30007,2025-01-02,2203.21,2204.38,2087.22,2113.15,11153416.0,67178275700.0,none,2026-06-12 06:29:32
H30007,2025-01-03,2116.72,2126.14,2067.45,2069.04,8310059.0,50266467004.0,none,2026-06-12 06:29:32
H30007,2025-01-06,2071.63,2096.95,2036.14,2052.69,6465664.0,40694357468.0,none,2026-06-12 06:29:32
H30007,2025-01-07,2057.79,2145.45,2057.79,2144.69,7477751.0,51744726612.0,none,2026-06-12 06:29:32
H30007,2025-01-08,2119.98,2174.76,2079.52,2147.51,8256482.0,57867495121.0,none,2026-06-12 06:29:32
H30007,2025-01-09,2140.64,2180.52,2139.14,2154.46,7297710.0,51759594978.0,none,2026-06-12 06:29:32
H30007,2025-01-10,2151.12,2220.72,2144.54,2144.54,10311362.0,66685895241.0,none,2026-06-12 06:29:32
H30007,2025-01-13,2108.17,2144.22,2102.26,2135.88,7069300.0,47708199808.0,none,2026-06-12 06:29:32
H30007,2025-01-14,2152.7,2221.5,2114.43,2216.75,10154494.0,68871724832.0,none,2026-06-12 06:29:32
H30007,2025-01-15,2203.64,2244.91,2193.28,2211.82,7706100.0,60004063463.0,none,2026-06-12 06:29:32
H30007,2025-01-16,2227.58,2248.99,2149.04,2157.85,8695269.0,71722591470.0,none,2026-06-12 06:29:32
H30007,2025-01-17,2142.55,2238.71,2142.52,2206.81,8947909.0,67411451674.0,none,2026-06-12 06:29:32
H30007,2025-01-20,2211.57,2228.65,2189.27,2205.89,8048519.0,57350602267.0,none,2026-06-12 06:29:32
H30007,2025-01-21,2218.37,2255.04,2197.83,2232.24,8264398.0,63430616264.0,none,2026-06-12 06:29:32
H30007,2025-01-22,2220.05,2250.52,2217.41,2230.4,7492182.0,57507697226.0,none,2026-06-12 06:29:32
H30007,2025-01-23,2262.93,2282.58,2197.97,2197.97,9200869.0,64145665452.0,none,2026-06-12 06:29:32
H30007,2025-01-24,2194.96,2225.24,2194.69,2216.32,7457390.0,51832741763.0,none,2026-06-12 06:29:32
H30007,2025-01-27,2208.25,2209.09,2156.3,2156.3,6662101.0,48423892046.0,none,2026-06-12 06:29:32
H30007,2025-02-05,2225.91,2237.98,2197.85,2223.25,8990218.0,72120392737.0,none,2026-06-12 06:29:32
H30007,2025-02-06,2208.76,2321.21,2206.16,2314.84,11329812.0,85383963246.0,none,2026-06-12 06:29:32
H30007,2025-02-07,2316.13,2371.31,2282.93,2322.32,12962333.0,95548716547.0,none,2026-06-12 06:29:32
H30007,2025-02-10,2331.76,2349.1,2317.07,2346.14,9407413.0,72105162124.0,none,2026-06-12 06:29:32
H30007,2025-02-11,2343.44,2344.71,2300.39,2320.39,8173971.0,61478035028.0,none,2026-06-12 06:29:32
H30007,2025-02-12,2322.98,2393.58,2312.99,2392.75,12292433.0,86631922827.0,none,2026-06-12 06:29:32
H30007,2025-02-13,2391.99,2391.99,2323.23,2324.6,10171204.0,76624779784.0,none,2026-06-12 06:29:32
H30007,2025-02-14,2310.94,2327.76,2284.22,2325.05,9418155.0,68000895586.0,none,2026-06-12 06:29:32
H30007,2025-02-17,2332.97,2364.9,2320.12,2355.36,9590384.0,73560079415.0,none,2026-06-12 06:29:32
H30007,2025-02-18,2355.64,2376.31,2296.94,2306.68,9782074.0,75294309624.0,none,2026-06-12 06:29:32
H30007,2025-02-19,2306.7,2400.94,2306.51,2400.1,11578407.0,84337375776.0,none,2026-06-12 06:29:32
H30007,2025-02-20,2402.46,2410.53,2368.95,2387.1,10359436.0,73858268347.0,none,2026-06-12 06:29:32
H30007,2025-02-21,2399.58,2537.7,2395.98,2515.96,15594996.0,121069144170.0,none,2026-06-12 06:29:32
H30007,2025-02-24,2509.17,2554.45,2491.72,2523.76,13097050.0,102675479229.0,none,2026-06-12 06:29:32
H30007,2025-02-25,2480.09,2567.1,2466.19,2516.96,11847727.0,95984902227.0,none,2026-06-12 06:29:32
H30007,2025-02-26,2528.31,2572.64,2480.72,2561.06,11665047.0,95460356014.0,none,2026-06-12 06:29:32
H30007,2025-02-27,2559.98,2588.05,2489.75,2552.05,11305976.0,89734594904.0,none,2026-06-12 06:29:32
H30007,2025-02-28,2530.57,2544.76,2423.62,2430.22,11755716.0,95068318836.0,none,2026-06-12 06:29:32
H30007,2025-03-03,2435.67,2445.82,2374.37,2392.59,8547741.0,71256401603.0,none,2026-06-12 06:29:32
H30007,2025-03-04,2361.35,2473.41,2346.09,2448.0,9711145.0,78306205950.0,none,2026-06-12 06:29:32
H30007,2025-03-05,2448.85,2484.33,2428.18,2458.36,7906867.0,65500635946.0,none,2026-06-12 06:29:32
H30007,2025-03-06,2492.33,2550.78,2492.33,2531.08,9872229.0,85857186811.0,none,2026-06-12 06:29:32
H30007,2025-03-07,2509.83,2526.11,2479.37,2493.26,8397679.0,65536613674.0,none,2026-06-12 06:29:32
H30007,2025-03-10,2483.55,2501.81,2452.69,2487.59,7010374.0,54909817128.0,none,2026-06-12 06:29:32
H30007,2025-03-11,2445.67,2483.65,2440.04,2469.64,6761374.0,53008982887.0,none,2026-06-12 06:29:32
H30007,2025-03-12,2484.79,2502.75,2460.57,2460.57,8070720.0,57963206175.0,none,2026-06-12 06:29:32
H30007,2025-03-13,2456.93,2457.98,2374.71,2391.07,8321733.0,57383813421.0,none,2026-06-12 06:29:32
H30007,2025-03-14,2391.63,2438.91,2389.06,2434.82,7878337.0,58430452316.0,none,2026-06-12 06:29:32
H30007,2025-03-17,2441.77,2441.83,2414.17,2423.98,6089281.0,41983665633.0,none,2026-06-12 06:29:32
H30007,2025-03-18,2436.03,2471.43,2430.99,2440.12,6142935.0,45732472362.0,none,2026-06-12 06:29:32
H30007,2025-03-19,2428.64,2444.32,2401.16,2407.75,5098106.0,41749476874.0,none,2026-06-12 06:29:32
H30007,2025-03-20,2402.98,2413.99,2384.31,2385.86,4947060.0,38626125223.0,none,2026-06-12 06:29:32
H30007,2025-03-21,2379.88,2386.35,2311.21,2324.7,6336494.0,49276223379.0,none,2026-06-12 06:29:32
H30007,2025-03-24,2322.86,2344.83,2298.26,2342.11,5543063.0,41703154714.0,none,2026-06-12 06:29:32
H30007,2025-03-25,2341.89,2345.19,2290.03,2297.65,4629392.0,37086582686.0,none,2026-06-12 06:29:32
H30007,2025-03-26,2294.51,2321.12,2294.51,2296.21,3882093.0,30112424532.0,none,2026-06-12 06:29:32
H30007,2025-03-27,2293.87,2357.29,2292.96,2320.0,5241982.0,41258540915.0,none,2026-06-12 06:29:32
H30007,2025-03-28,2313.92,2327.92,2282.89,2282.89,4166502.0,34368762206.0,none,2026-06-12 06:29:32
H30007,2025-03-31,2273.97,2296.14,2250.41,2282.42,5157984.0,40001148814.0,none,2026-06-12 06:29:32
H30007,2025-04-01,2293.12,2305.25,2279.07,2283.23,4424083.0,37718216732.0,none,2026-06-12 06:29:32
H30007,2025-04-02,2278.67,2299.9,2273.48,2280.36,3336300.0,26006466435.0,none,2026-06-12 06:29:32
H30007,2025-04-03,2254.74,2310.15,2254.71,2272.33,4638075.0,38087164793.0,none,2026-06-12 06:29:32
H30007,2025-04-07,2140.64,2199.54,2005.31,2078.35,9816331.0,72697598738.0,none,2026-06-12 06:29:32
H30007,2025-04-08,2097.12,2122.5,2039.3,2075.85,9047355.0,59076614924.0,none,2026-06-12 06:29:32
H30007,2025-04-09,2040.29,2214.43,2023.63,2181.47,10566834.0,75174991340.0,none,2026-06-12 06:29:32
H30007,2025-04-10,2229.52,2246.91,2193.6,2204.1,8177650.0,58181633765.0,none,2026-06-12 06:29:32
H30007,2025-04-11,2206.63,2352.85,2202.95,2299.98,12242087.0,81622810882.0,none,2026-06-12 06:29:32
H30007,2025-04-14,2322.18,2329.23,2279.26,2302.43,8186336.0,57386854379.0,none,2026-06-12 06:29:32
H30007,2025-04-15,2292.65,2294.8,2255.08,2274.93,5104101.0,37652249970.0,none,2026-06-12 06:29:32
H30007,2025-04-16,2298.49,2303.86,2258.22,2299.43,5440670.0,44750197346.0,none,2026-06-12 06:29:32
H30007,2025-04-17,2284.94,2332.58,2282.29,2308.1,5027533.0,41507253843.0,none,2026-06-12 06:29:32
H30007,2025-04-18,2295.48,2297.26,2268.59,2283.37,3645411.0,28645396271.0,none,2026-06-12 06:29:32
H30007,2025-04-21,2291.13,2310.04,2284.81,2307.89,4230663.0,34484538063.0,none,2026-06-12 06:29:32
H30007,2025-04-22,2303.64,2318.94,2290.48,2298.37,4769969.0,34303498371.0,none,2026-06-12 06:29:32
H30007,2025-04-23,2301.36,2306.37,2280.71,2296.82,4976553.0,36408328133.0,none,2026-06-12 06:29:32
H30007,2025-04-24,2295.45,2295.8,2262.03,2269.93,4455292.0,29907733414.0,none,2026-06-12 06:29:32
H30007,2025-04-25,2264.94,2282.19,2246.2,2264.4,4420808.0,33960154554.0,none,2026-06-12 06:29:32
H30007,2025-04-28,2264.17,2282.79,2252.26,2270.14,4112409.0,30963078337.0,none,2026-06-12 06:29:32
H30007,2025-04-29,2261.53,2296.05,2255.1,2293.3,4554959.0,34157345232.0,none,2026-06-12 06:29:32
H30007,2025-04-30,2292.46,2323.73,2285.85,2318.5,6430775.0,43935319119.0,none,2026-06-12 06:29:32
H30007,2025-05-06,2331.89,2352.64,2324.1,2352.11,6304148.0,44632925606.0,none,2026-06-12 06:29:32
H30007,2025-05-07,2385.78,2387.64,2324.59,2341.41,5937603.0,43512398035.0,none,2026-06-12 06:29:32
H30007,2025-05-08,2331.66,2337.24,2319.67,2326.4,4286530.0,31743584821.0,none,2026-06-12 06:29:32
H30007,2025-05-09,2311.84,2311.84,2271.95,2275.4,4695682.0,34478728096.0,none,2026-06-12 06:29:32
H30007,2025-05-12,2284.01,2300.44,2269.91,2285.85,4688460.0,35559299496.0,none,2026-06-12 06:29:32
H30007,2025-05-13,2305.54,2309.9,2274.77,2275.25,4491992.0,31544214236.0,none,2026-06-12 06:29:32
H30007,2025-05-14,2284.84,2301.6,2266.97,2285.26,4159766.0,31094878185.0,none,2026-06-12 06:29:32
H30007,2025-05-15,2280.8,2280.8,2239.13,2239.96,3751021.0,25846675375.0,none,2026-06-12 06:29:32
H30007,2025-05-16,2233.92,2243.75,2225.48,2233.61,3080405.0,22596130281.0,none,2026-06-12 06:29:32
H30007,2025-05-19,2230.0,2247.88,2216.29,2241.67,4004641.0,26224159919.0,none,2026-06-12 06:29:32
H30007,2025-05-20,2241.48,2260.19,2238.33,2250.26,3461512.0,25056904165.0,none,2026-06-12 06:29:32
H30007,2025-05-21,2245.32,2245.32,2223.11,2226.53,3942654.0,27824952196.0,none,2026-06-12 06:29:32
H30007,2025-05-22,2224.6,2249.31,2218.52,2221.96,4736299.0,27722990300.0,none,2026-06-12 06:29:32
H30007,2025-05-23,2217.55,2226.32,2188.73,2188.73,4122962.0,27703063440.0,none,2026-06-12 06:29:32
H30007,2025-05-26,2192.4,2208.8,2189.57,2199.79,3537173.0,24810045986.0,none,2026-06-12 06:29:32
H30007,2025-05-27,2196.97,2197.22,2171.03,2171.03,3157224.0,22541442047.0,none,2026-06-12 06:29:32
H30007,2025-05-28,2173.19,2177.45,2155.51,2157.2,2921473.0,20673728613.0,none,2026-06-12 06:29:32
H30007,2025-05-29,2166.42,2200.06,2161.29,2198.92,3946089.0,27678452159.0,none,2026-06-12 06:29:32
H30007,2025-05-30,2188.05,2188.05,2162.11,2165.87,3190741.0,23101860433.0,none,2026-06-12 06:29:32
H30007,2025-06-03,2158.62,2199.34,2158.52,2180.83,4143023.0,28692894322.0,none,2026-06-12 06:29:32
H30007,2025-06-04,2182.22,2200.1,2180.65,2191.35,3155500.0,23452756942.0,none,2026-06-12 06:29:32
H30007,2025-06-05,2196.29,2233.68,2189.61,2229.87,4352351.0,31645080483.0,none,2026-06-12 06:29:32
H30007,2025-06-06,2227.18,2243.37,2216.74,2231.74,3843590.0,28511212024.0,none,2026-06-12 06:29:32
H30007,2025-06-09,2229.19,2237.87,2221.25,2229.46,3554777.0,25873396211.0,none,2026-06-12 06:29:32
H30007,2025-06-10,2240.84,2240.84,2175.19,2184.37,5068612.0,39931551479.0,none,2026-06-12 06:29:32
H30007,2025-06-11,2183.49,2203.17,2181.18,2181.18,3505594.0,26833726238.0,none,2026-06-12 06:29:32
H30007,2025-06-12,2175.52,2180.45,2159.16,2160.12,3687580.0,29555053441.0,none,2026-06-12 06:29:32
H30007,2025-06-13,2148.36,2169.31,2143.88,2157.59,5737187.0,41113550214.0,none,2026-06-12 06:29:32
H30007,2025-06-16,2145.12,2175.62,2144.81,2162.04,3838253.0,26768200626.0,none,2026-06-12 06:29:32
H30007,2025-06-17,2165.4,2171.6,2146.05,2152.36,3920796.0,27396913798.0,none,2026-06-12 06:29:32
H30007,2025-06-18,2149.04,2179.13,2143.64,2166.25,4523831.0,28101957669.0,none,2026-06-12 06:29:32
H30007,2025-06-19,2162.96,2196.64,2159.64,2164.74,4566216.0,31458958459.0,none,2026-06-12 06:29:32
H30007,2025-06-20,2161.94,2177.1,2147.57,2147.87,3804281.0,25452919835.0,none,2026-06-12 06:29:32
H30007,2025-06-23,2133.58,2186.25,2133.16,2169.38,5490233.0,36267392925.0,none,2026-06-12 06:29:32
H30007,2025-06-24,2176.18,2213.95,2176.02,2210.67,5662032.0,38896744224.0,none,2026-06-12 06:29:32
H30007,2025-06-25,2215.66,2252.7,2203.8,2251.41,7467332.0,49375601590.0,none,2026-06-12 06:29:32
H30007,2025-06-26,2253.06,2272.28,2229.87,2229.87,6227975.0,43341463283.0,none,2026-06-12 06:29:32
H30007,2025-06-27,2249.41,2262.57,2221.77,2236.95,8021383.0,45203166831.0,none,2026-06-12 06:29:32
H30007,2025-06-30,2250.32,2277.42,2250.32,2270.19,8364045.0,45260623140.0,none,2026-06-12 06:29:32
H30007,2025-07-01,2267.1,2280.9,2246.53,2257.18,9726520.0,46167944771.0,none,2026-06-12 06:29:32
H30007,2025-07-02,2247.68,2247.68,2206.71,2211.4,6871116.0,35360224763.0,none,2026-06-12 06:29:32
H30007,2025-07-03,2213.6,2222.72,2201.88,2214.73,4842236.0,27889069491.0,none,2026-06-12 06:29:32
H30007,2025-07-04,2210.37,2246.92,2191.4,2211.32,5589160.0,35009753341.0,none,2026-06-12 06:29:32
H30007,2025-07-07,2209.9,2219.03,2201.13,2203.98,3623659.0,23146760969.0,none,2026-06-12 06:29:32
H30007,2025-07-08,2212.55,2234.98,2206.92,2232.72,5396358.0,32408064039.0,none,2026-06-12 06:29:32
H30007,2025-07-09,2230.37,2236.14,2202.8,2206.49,4598312.0,27822879096.0,none,2026-06-12 06:29:32
H30007,2025-07-10,2203.12,2209.73,2191.78,2198.44,4473851.0,28922832162.0,none,2026-06-12 06:29:32
H30007,2025-07-11,2198.03,2242.39,2191.78,2233.05,6164927.0,40680051012.0,none,2026-06-12 06:29:32
H30007,2025-07-14,2232.98,2239.32,2218.45,2219.11,4220540.0,28072102600.0,none,2026-06-12 06:29:32
H30007,2025-07-15,2216.35,2229.59,2202.55,2217.48,5497625.0,35373419463.0,none,2026-06-12 06:29:32
H30007,2025-07-16,2217.07,2256.94,2213.76,2222.82,6113484.0,40411625637.0,none,2026-06-12 06:29:32
H30007,2025-07-17,2218.3,2238.43,2205.31,2238.43,6126765.0,40894354586.0,none,2026-06-12 06:29:32
H30007,2025-07-18,2243.31,2270.05,2232.98,2245.56,6245072.0,40779837572.0,none,2026-06-12 06:29:32
H30007,2025-07-21,2243.87,2252.54,2236.47,2246.03,5795366.0,37975005793.0,none,2026-06-12 06:29:32
H30007,2025-07-22,2243.68,2265.17,2237.13,2248.56,6513162.0,41457062670.0,none,2026-06-12 06:29:32
H30007,2025-07-23,2245.4,2282.76,2242.91,2266.28,7470989.0,45231936988.0,none,2026-06-12 06:29:32
H30007,2025-07-24,2265.35,2299.69,2263.99,2296.4,7816594.0,46745916274.0,none,2026-06-12 06:29:32
H30007,2025-07-25,2297.41,2359.2,2284.11,2351.12,8807485.0,61082109849.0,none,2026-06-12 06:29:32
H30007,2025-07-28,2353.34,2355.74,2331.73,2346.74,7739277.0,50345169522.0,none,2026-06-12 06:29:32
H30007,2025-07-29,2339.17,2381.79,2337.38,2380.88,8861257.0,61367251292.0,none,2026-06-12 06:29:32
H30007,2025-07-30,2374.54,2395.18,2339.55,2357.35,8294220.0,56624861634.0,none,2026-06-12 06:29:32
H30007,2025-07-31,2349.67,2377.39,2316.7,2323.44,8934653.0,63841660465.0,none,2026-06-12 06:29:32
H30007,2025-08-01,2317.72,2344.62,2281.27,2295.77,7563824.0,48035756378.0,none,2026-06-12 06:29:32
H30007,2025-08-04,2285.29,2322.45,2285.29,2322.45,6241202.0,42875893697.0,none,2026-06-12 06:29:32
H30007,2025-08-05,2322.41,2331.75,2312.49,2329.19,5570263.0,38073725421.0,none,2026-06-12 06:29:32
H30007,2025-08-06,2324.57,2347.14,2314.61,2346.2,7228577.0,47817961542.0,none,2026-06-12 06:29:32
H30007,2025-08-07,2349.06,2384.31,2334.8,2352.52,9797059.0,62160758702.0,none,2026-06-12 06:29:32
H30007,2025-08-08,2337.81,2337.81,2307.11,2307.63,7161058.0,45792268823.0,none,2026-06-12 06:29:32
H30007,2025-08-11,2306.49,2331.63,2306.48,2320.7,6622700.0,40887656063.0,none,2026-06-12 06:29:32
H30007,2025-08-12,2319.94,2400.12,2308.42,2383.32,10449539.0,77870343778.0,none,2026-06-12 06:29:32
H30007,2025-08-13,2381.29,2408.69,2378.15,2404.98,10334447.0,72744615257.0,none,2026-06-12 06:29:32
H30007,2025-08-14,2409.67,2500.04,2409.67,2430.68,13355623.0,99562304121.0,none,2026-06-12 06:29:32
H30007,2025-08-15,2414.46,2474.71,2408.58,2467.04,11159140.0,77997687996.0,none,2026-06-12 06:29:32
H30007,2025-08-18,2491.53,2545.2,2462.27,2518.04,16156681.0,106743170926.0,none,2026-06-12 06:29:32
H30007,2025-08-19,2513.37,2533.91,2484.72,2485.95,13282713.0,91886101597.0,none,2026-06-12 06:29:32
H30007,2025-08-20,2475.89,2588.14,2463.98,2587.84,15763950.0,106923473974.0,none,2026-06-12 06:29:32
H30007,2025-08-21,2605.0,2658.43,2575.92,2588.57,18012141.0,119170976597.0,none,2026-06-12 06:29:32
H30007,2025-08-22,2611.57,2821.58,2611.57,2818.17,25222466.0,178419310104.0,none,2026-06-12 06:29:32
H30007,2025-08-25,2903.14,2992.16,2818.1,2891.55,26150528.0,206284200901.0,none,2026-06-12 06:29:32
H30007,2025-08-26,2839.73,2896.7,2813.53,2867.2,20126060.0,135818586794.0,none,2026-06-12 06:29:32
H30007,2025-08-27,2888.12,3018.65,2866.01,2876.31,25410604.0,192187218601.0,none,2026-06-12 06:29:32
H30007,2025-08-28,2892.17,3083.53,2882.19,3081.35,24464349.0,199892702640.0,none,2026-06-12 06:29:32
H30007,2025-08-29,3014.83,3015.85,2941.61,2998.18,19738161.0,161873312305.0,none,2026-06-12 06:29:32
H30007,2025-09-01,3044.28,3080.15,2960.46,3043.78,21176885.0,160639926701.0,none,2026-06-12 06:29:32
H30007,2025-09-02,3033.45,3067.21,2926.98,2954.82,19755769.0,154535334094.0,none,2026-06-12 06:29:32
H30007,2025-09-03,2938.06,2964.5,2881.29,2899.36,14782006.0,109522166946.0,none,2026-06-12 06:29:32
H30007,2025-09-04,2888.06,2891.26,2667.31,2701.39,16788094.0,131598219823.0,none,2026-06-12 06:29:32
H30007,2025-09-05,2709.22,2804.66,2677.85,2790.21,13822943.0,108545412835.0,none,2026-06-12 06:29:32
H30007,2025-09-08,2787.69,2816.41,2750.57,2806.89,12635900.0,96987682540.0,none,2026-06-12 06:29:32
H30007,2025-09-09,2752.81,2786.82,2713.3,2726.16,11072224.0,87352073052.0,none,2026-06-12 06:29:32
H30007,2025-09-10,2744.71,2800.87,2733.82,2767.71,9579028.0,88766822387.0,none,2026-06-12 06:29:32
H30007,2025-09-11,2761.88,2944.29,2740.95,2934.8,16260883.0,143605766348.0,none,2026-06-12 06:29:32
H30007,2025-09-12,2936.35,3045.58,2931.23,2994.68,17802622.0,167279964404.0,none,2026-06-12 06:29:32
H30007,2025-09-15,3078.53,3087.26,2981.93,3008.46,16553811.0,147325233819.0,none,2026-06-12 06:29:32
H30007,2025-09-16,3012.19,3073.94,3012.14,3040.73,14533987.0,135812816465.0,none,2026-06-12 06:29:32
H30007,2025-09-17,3026.46,3103.34,2987.1,3076.15,15331692.0,134302437122.0,none,2026-06-12 06:29:32
H30007,2025-09-18,3116.31,3260.88,3056.77,3130.14,26507572.0,222339985997.0,none,2026-06-12 06:29:32
H30007,2025-09-19,3147.12,3181.28,3076.18,3080.36,18227265.0,154161405127.0,none,2026-06-12 06:29:32
H30007,2025-09-22,3080.24,3246.52,3060.72,3214.77,17530516.0,165801814906.0,none,2026-06-12 06:29:32
H30007,2025-09-23,3218.75,3238.72,3114.69,3218.12,18803567.0,165633480545.0,none,2026-06-12 06:29:32
H30007,2025-09-24,3201.9,3427.79,3200.96,3362.86,25904029.0,211391548381.0,none,2026-06-12 06:29:32
H30007,2025-09-25,3350.22,3422.46,3324.19,3383.62,21407366.0,178335368414.0,none,2026-06-12 06:29:32
H30007,2025-09-26,3354.16,3426.83,3325.16,3329.06,18200726.0,158611126381.0,none,2026-06-12 06:29:32
H30007,2025-09-29,3327.17,3375.98,3266.7,3372.41,16038753.0,148568424007.0,none,2026-06-12 06:29:32
H30007,2025-09-30,3422.03,3476.27,3394.99,3441.41,19734615.0,175457913565.0,none,2026-06-12 06:29:32
H30007,2025-10-09,3518.7,3665.71,3503.02,3536.67,22622202.0,218731506219.0,none,2026-06-12 06:29:32
H30007,2025-10-10,3467.67,3490.6,3310.48,3329.9,21430674.0,188691487459.0,none,2026-06-12 06:29:32
H30007,2025-10-13,3205.82,3386.38,3205.82,3379.64,20439656.0,170314874791.0,none,2026-06-12 06:29:32
H30007,2025-10-14,3417.55,3420.03,3167.18,3192.17,20297694.0,179647309832.0,none,2026-06-12 06:29:32
H30007,2025-10-15,3185.51,3238.96,3131.31,3238.57,15865588.0,129769213759.0,none,2026-06-12 06:29:32
H30007,2025-10-16,3216.15,3294.23,3201.7,3219.61,14028023.0,122200459027.0,none,2026-06-12 06:29:32
H30007,2025-10-17,3206.05,3213.15,3090.63,3095.14,16064607.0,118598715902.0,none,2026-06-12 06:29:32
H30007,2025-10-20,3166.87,3195.31,3096.13,3119.31,17928206.0,118434664107.0,none,2026-06-12 06:29:32
H30007,2025-10-21,3134.19,3226.15,3120.93,3218.97,17570388.0,127658240051.0,none,2026-06-12 06:29:32
H30007,2025-10-22,3178.88,3258.39,3143.11,3209.8,13872059.0,110413669938.0,none,2026-06-12 06:29:32
H30007,2025-10-23,3181.72,3196.34,3129.12,3188.62,11479680.0,86785825828.0,none,2026-06-12 06:29:32
H30007,2025-10-24,3236.48,3362.73,3224.99,3351.82,16012475.0,151774250875.0,none,2026-06-12 06:29:32
H30007,2025-10-27,3429.62,3450.59,3352.51,3436.71,20846686.0,173552348016.0,none,2026-06-12 06:29:32
H30007,2025-10-28,3392.87,3465.38,3380.37,3407.07,16917797.0,142201697224.0,none,2026-06-12 06:29:32
H30007,2025-10-29,3390.3,3461.32,3361.75,3412.7,14785561.0,129145442363.0,none,2026-06-12 06:29:32
H30007,2025-10-30,3416.92,3423.14,3339.08,3339.16,15508875.0,142741083603.0,none,2026-06-12 06:29:32
H30007,2025-10-31,3319.78,3323.28,3210.61,3212.03,14412872.0,127359054764.0,none,2026-06-12 06:29:32
H30007,2025-11-03,3174.65,3186.23,3100.28,3184.87,13148242.0,108969342473.0,none,2026-06-12 06:29:32
H30007,2025-11-04,3194.75,3218.26,3138.32,3156.25,10678948.0,93845146194.0,none,2026-06-12 06:29:32
H30007,2025-11-05,3071.67,3147.27,3071.67,3128.98,9117744.0,80643311172.0,none,2026-06-12 06:29:32
H30007,2025-11-06,3172.54,3259.9,3166.04,3247.6,10880129.0,113043888025.0,none,2026-06-12 06:29:32
H30007,2025-11-07,3202.01,3245.62,3189.14,3205.94,10004835.0,86070791807.0,none,2026-06-12 06:29:32
H30007,2025-11-10,3224.11,3250.68,3137.74,3191.55,11126972.0,105487593528.0,none,2026-06-12 06:29:32
H30007,2025-11-11,3214.52,3230.96,3132.54,3136.72,10217938.0,96113494255.0,none,2026-06-12 06:29:32
H30007,2025-11-12,3109.54,3147.25,3073.99,3120.02,9181020.0,83545470720.0,none,2026-06-12 06:29:32
H30007,2025-11-13,3116.76,3190.67,3111.82,3180.35,9300137.0,93630925638.0,none,2026-06-12 06:29:32
H30007,2025-11-14,3118.34,3136.61,3064.3,3064.3,9729248.0,91927066115.0,none,2026-06-12 06:29:32
H30007,2025-11-17,3070.42,3120.93,3039.63,3058.28,8005774.0,78816683040.0,none,2026-06-12 06:29:32
H30007,2025-11-18,3049.12,3126.06,3041.61,3080.05,8420970.0,83970587807.0,none,2026-06-12 06:29:32
H30007,2025-11-19,3068.1,3097.57,3035.15,3049.08,7808332.0,66421109690.0,none,2026-06-12 06:29:32
H30007,2025-11-20,3100.01,3103.98,3008.67,3010.5,7137119.0,63646542491.0,none,2026-06-12 06:29:32
H30007,2025-11-21,2935.67,2958.48,2885.3,2885.3,9658127.0,83059231019.0,none,2026-06-12 06:29:32
H30007,2025-11-24,2905.65,2940.47,2853.02,2914.64,7960655.0,73161833139.0,none,2026-06-12 06:29:32
H30007,2025-11-25,2950.5,2989.79,2931.49,2944.36,8392499.0,75750845841.0,none,2026-06-12 06:29:32
H30007,2025-11-26,2924.74,3016.32,2916.21,2986.59,8321526.0,80226995160.0,none,2026-06-12 06:29:32
H30007,2025-11-27,3012.75,3087.46,2984.69,2989.82,9273241.0,88586920710.0,none,2026-06-12 06:29:32
H30007,2025-11-28,2978.14,3035.91,2962.99,3028.15,7504079.0,69268335666.0,none,2026-06-12 06:29:32
H30007,2025-12-01,3038.11,3089.77,2993.08,3087.93,11162235.0,97852404562.0,none,2026-06-12 06:29:32
H30007,2025-12-02,3078.93,3089.79,3025.54,3039.26,8215322.0,69181914995.0,none,2026-06-12 06:29:32
H30007,2025-12-03,3035.92,3056.96,3004.61,3017.69,7759217.0,63971953415.0,none,2026-06-12 06:29:32
H30007,2025-12-04,3001.32,3077.07,2974.3,3074.61,7827145.0,73448040262.0,none,2026-06-12 06:29:32
H30007,2025-12-05,3057.32,3080.09,3017.32,3064.05,7303529.0,68244001931.0,none,2026-06-12 06:29:32
H30007,2025-12-08,3062.94,3166.18,3062.94,3141.34,9587029.0,95097429461.0,none,2026-06-12 06:29:32
H30007,2025-12-09,3110.53,3165.51,3106.68,3132.3,10050036.0,84878217560.0,none,2026-06-12 06:29:32
H30007,2025-12-10,3112.33,3141.35,3065.99,3133.26,8962304.0,79067599627.0,none,2026-06-12 06:29:32
H30007,2025-12-11,3143.95,3144.62,3082.38,3083.06,8422867.0,77237130550.0,none,2026-06-12 06:29:32
H30007,2025-12-12,3079.05,3149.55,3046.29,3139.29,12715143.0,118643617062.0,none,2026-06-12 06:29:32
H30007,2025-12-15,3099.83,3129.39,3050.15,3052.44,8486743.0,79878978443.0,none,2026-06-12 06:29:32
H30007,2025-12-16,3042.07,3059.52,2974.88,2995.14,7395122.0,68033375213.0,none,2026-06-12 06:29:32
H30007,2025-12-17,2994.85,3075.11,2979.13,3067.57,7894079.0,70282600830.0,none,2026-06-12 06:29:32
H30007,2025-12-18,3043.93,3076.2,3039.92,3040.18,6648118.0,63848552086.0,none,2026-06-12 06:29:32
H30007,2025-12-19,3069.13,3079.11,3030.32,3031.03,6758477.0,61808402612.0,none,2026-06-12 06:29:32
H30007,2025-12-22,3047.57,3125.77,3047.57,3118.99,8942151.0,82077090553.0,none,2026-06-12 06:29:32
H30007,2025-12-23,3114.87,3171.09,3113.97,3147.67,8411554.0,81459230778.0,none,2026-06-12 06:29:32
H30007,2025-12-24,3159.25,3193.05,3137.23,3189.15,8964430.0,83420777164.0,none,2026-06-12 06:29:32
H30007,2025-12-25,3183.64,3212.03,3159.68,3189.29,8905764.0,78130433859.0,none,2026-06-12 06:29:32
H30007,2025-12-26,3178.83,3213.53,3157.64,3176.03,8900198.0,79086432464.0,none,2026-06-12 06:29:32
H30007,2025-12-29,3175.93,3227.76,3165.88,3179.68,9335385.0,88403034050.0,none,2026-06-12 06:29:32
H30007,2025-12-30,3181.37,3243.39,3181.37,3213.36,8939294.0,91206030454.0,none,2026-06-12 06:29:32
H30007,2025-12-31,3245.84,3248.24,3161.08,3166.63,8044139.0,77013531324.0,none,2026-06-12 06:29:32
H30007,2026-01-05,3216.04,3319.75,3216.04,3319.52,12823043.0,125358145002.0,none,2026-06-12 06:29:32
H30007,2026-01-06,3317.46,3424.91,3313.51,3395.67,14009468.0,136389155063.0,none,2026-06-12 06:29:32
H30007,2026-01-07,3461.2,3485.3,3416.97,3459.37,15455956.0,152942908387.0,none,2026-06-12 06:29:32
H30007,2026-01-08,3448.58,3543.07,3448.26,3474.06,12250876.0,135753653789.0,none,2026-06-12 06:29:32
H30007,2026-01-09,3440.77,3500.81,3412.52,3491.95,14303137.0,128798950321.0,none,2026-06-12 06:29:32
H30007,2026-01-12,3523.64,3565.36,3492.31,3558.14,16710113.0,149547042402.0,none,2026-06-12 06:29:32
H30007,2026-01-13,3540.29,3567.77,3416.63,3434.83,15679299.0,135082657411.0,none,2026-06-12 06:29:32
H30007,2026-01-14,3463.38,3553.91,3449.33,3492.56,14998812.0,152700494628.0,none,2026-06-12 06:29:32
H30007,2026-01-15,3476.16,3546.67,3441.4,3546.67,13760806.0,131754153099.0,none,2026-06-12 06:29:32
H30007,2026-01-16,3593.8,3705.93,3583.44,3673.29,24740383.0,200659384574.0,none,2026-06-12 06:29:32
H30007,2026-01-19,3682.57,3701.25,3646.59,3659.78,19395608.0,159024720991.0,none,2026-06-12 06:29:32
H30007,2026-01-20,3648.87,3723.85,3609.52,3636.39,17216711.0,153797560657.0,none,2026-06-12 06:29:32
H30007,2026-01-21,3632.12,3806.25,3629.92,3780.94,22800605.0,196097612306.0,none,2026-06-12 06:29:32
H30007,2026-01-22,3868.91,3879.47,3724.76,3754.66,24753608.0,197286941390.0,none,2026-06-12 06:29:32
H30007,2026-01-23,3718.2,3765.14,3683.37,3758.42,22471166.0,172113492029.0,none,2026-06-12 06:29:32
H30007,2026-01-26,3749.36,3789.61,3658.17,3666.45,19215362.0,154096104792.0,none,2026-06-12 06:29:32
H30007,2026-01-27,3656.21,3760.48,3605.44,3743.98,21850889.0,163808414838.0,none,2026-06-12 06:29:32
H30007,2026-01-28,3782.43,3839.23,3741.52,3797.31,25694055.0,189533183082.0,none,2026-06-12 06:29:32
H30007,2026-01-29,3788.33,3803.77,3639.42,3641.26,20722408.0,162016367711.0,none,2026-06-12 06:29:32
H30007,2026-01-30,3631.88,3718.92,3562.85,3677.81,18320382.0,149063954120.0,none,2026-06-12 06:29:32
H30007,2026-02-02,3615.05,3639.47,3484.11,3484.11,16581723.0,138772128876.0,none,2026-06-12 06:29:32
H30007,2026-02-03,3555.83,3561.08,3444.31,3532.66,14293505.0,136406304641.0,none,2026-06-12 06:29:32
H30007,2026-02-04,3479.15,3479.15,3411.0,3457.21,12496799.0,101535255073.0,none,2026-06-12 06:29:32
H30007,2026-02-05,3375.53,3430.12,3354.23,3414.38,11179633.0,89258024194.0,none,2026-06-12 06:29:32
H30007,2026-02-06,3369.45,3425.57,3345.96,3380.48,10613855.0,82881519450.0,none,2026-06-12 06:29:32
H30007,2026-02-09,3455.57,3495.79,3424.6,3495.0,12261324.0,100116036565.0,none,2026-06-12 06:29:32
H30007,2026-02-10,3499.97,3557.08,3495.28,3510.8,9236435.0,87073260522.0,none,2026-06-12 06:29:32
H30007,2026-02-11,3480.83,3495.74,3449.98,3465.77,7757181.0,64464725531.0,none,2026-06-12 06:29:32
H30007,2026-02-12,3494.46,3547.57,3472.83,3545.73,11829491.0,103028444665.0,none,2026-06-12 06:29:32
H30007,2026-02-13,3521.58,3595.53,3514.39,3550.07,10922078.0,97762642003.0,none,2026-06-12 06:29:32
H30007,2026-02-24,3607.11,3607.83,3514.77,3563.75,11045184.0,103107031999.0,none,2026-06-12 06:29:32
H30007,2026-02-25,3568.35,3599.01,3506.21,3579.98,13251927.0,112549283172.0,none,2026-06-12 06:29:32
H30007,2026-02-26,3593.84,3656.04,3536.5,3628.17,14574630.0,127361714691.0,none,2026-06-12 06:29:32
H30007,2026-02-27,3568.74,3618.86,3538.59,3605.46,12809503.0,114087202002.0,none,2026-06-12 06:29:32
H30007,2026-03-02,3527.95,3599.95,3527.72,3540.06,12982637.0,108606179594.0,none,2026-06-12 06:29:32
H30007,2026-03-03,3550.71,3561.92,3336.19,3341.73,16393235.0,130126161905.0,none,2026-06-12 06:29:32
H30007,2026-03-04,3321.75,3414.24,3321.75,3340.76,11234299.0,100561652586.0,none,2026-06-12 06:29:32
H30007,2026-03-05,3441.84,3464.0,3390.48,3412.2,11768203.0,115222270122.0,none,2026-06-12 06:29:32
H30007,2026-03-06,3392.23,3449.03,3391.24,3420.08,13829307.0,92850350344.0,none,2026-06-12 06:29:32
H30007,2026-03-09,3306.39,3366.71,3242.98,3352.7,14099119.0,113765313118.0,none,2026-06-12 06:29:32
H30007,2026-03-10,3427.27,3440.66,3385.86,3431.63,11750763.0,101014183734.0,none,2026-06-12 06:29:32
H30007,2026-03-11,3437.1,3457.19,3387.47,3391.27,12589495.0,99818441864.0,none,2026-06-12 06:29:32
H30007,2026-03-12,3378.94,3429.19,3318.94,3347.75,12731009.0,90528236722.0,none,2026-06-12 06:29:32
H30007,2026-03-13,3316.36,3384.06,3300.91,3320.22,11287953.0,91622757851.0,none,2026-06-12 06:29:32
H30007,2026-03-16,3316.97,3399.22,3264.24,3391.56,12360688.0,114638332571.0,none,2026-06-12 06:29:32
H30007,2026-03-17,3397.11,3397.11,3299.13,3299.52,11020863.0,91700420124.0,none,2026-06-12 06:29:32
H30007,2026-03-18,3335.93,3387.17,3311.7,3383.93,11022936.0,105347480401.0,none,2026-06-12 06:29:32
H30007,2026-03-19,3314.73,3334.06,3279.5,3294.23,10072084.0,92795932246.0,none,2026-06-12 06:29:32
H30007,2026-03-20,3313.29,3318.16,3234.27,3234.96,12015334.0,108455392402.0,none,2026-06-12 06:29:32
H30007,2026-03-23,3153.93,3183.54,3054.32,3069.8,10643195.0,98656667981.0,none,2026-06-12 06:29:32
H30007,2026-03-24,3114.93,3123.11,3012.42,3123.11,12746862.0,93711947846.0,none,2026-06-12 06:29:32
H30007,2026-03-25,3149.63,3235.55,3149.63,3201.74,11720158.0,101577172666.0,none,2026-06-12 06:29:32
H30007,2026-03-26,3181.39,3187.18,3109.5,3118.76,9970246.0,79991758073.0,none,2026-06-12 06:29:32
H30007,2026-03-27,3051.06,3159.88,3041.33,3133.09,8467848.0,72230740414.0,none,2026-06-12 06:29:32
H30007,2026-03-30,3071.66,3136.68,3052.85,3123.06,9391015.0,73050144406.0,none,2026-06-12 06:29:32
H30007,2026-03-31,3097.27,3110.73,3010.09,3010.71,9604857.0,83449555503.0,none,2026-06-12 06:29:32
H30007,2026-04-01,3102.67,3121.38,3073.58,3105.25,9064726.0,91725642222.0,none,2026-06-12 06:29:32
H30007,2026-04-02,3102.08,3102.08,2988.74,3007.07,8495189.0,74491747121.0,none,2026-06-12 06:29:32
H30007,2026-04-03,3034.8,3038.36,2995.65,3001.29,7869025.0,61434489392.0,none,2026-06-12 06:29:32
H30007,2026-04-07,3020.04,3082.61,3020.04,3054.31,8084440.0,78025646001.0,none,2026-06-12 06:29:32
H30007,2026-04-08,3156.9,3250.54,3153.2,3250.44,13659713.0,132569202694.0,none,2026-06-12 06:29:32
H30007,2026-04-09,3200.63,3289.98,3196.1,3252.25,12185822.0,105573054325.0,none,2026-06-12 06:29:32
H30007,2026-04-10,3304.96,3357.19,3304.96,3315.67,12829808.0,119868394588.0,none,2026-06-12 06:29:32
H30007,2026-04-13,3297.95,3396.45,3297.78,3336.8,11637195.0,112523077728.0,none,2026-06-12 06:29:32
H30007,2026-04-14,3389.81,3442.35,3382.13,3421.75,13068082.0,131693261609.0,none,2026-06-12 06:29:32
H30007,2026-04-15,3446.7,3480.15,3386.13,3402.4,12458113.0,131997830576.0,none,2026-06-12 06:29:32
H30007,2026-04-16,3395.28,3447.98,3380.62,3444.45,10379125.0,116860893081.0,none,2026-06-12 06:29:32
H30007,2026-04-17,3429.87,3492.6,3423.82,3461.78,14531734.0,128582893419.0,none,2026-06-12 06:29:32
H30007,2026-04-20,3462.23,3532.27,3462.23,3523.66,15683735.0,133152944001.0,none,2026-06-12 06:29:32
H30007,2026-04-21,3510.53,3510.53,3422.97,3475.01,12905719.0,121245743810.0,none,2026-06-12 06:29:32
H30007,2026-04-22,3463.37,3571.1,3463.2,3570.81,13727231.0,131954048249.0,none,2026-06-12 06:29:32
H30007,2026-04-23,3617.15,3618.02,3489.0,3520.77,17864389.0,151888177841.0,none,2026-06-12 06:29:32
H30007,2026-04-24,3548.46,3616.2,3487.54,3575.9,17281800.0,166332078608.0,none,2026-06-12 06:29:32
H30007,2026-04-27,3646.71,3763.25,3618.82,3743.43,19706359.0,189849137560.0,none,2026-06-12 06:29:32
H30007,2026-04-28,3713.86,3805.12,3671.65,3695.32,16124083.0,165090638873.0,none,2026-06-12 06:29:32
H30007,2026-04-29,3654.1,3696.34,3582.21,3694.45,14055055.0,148711595432.0,none,2026-06-12 06:29:32
H30007,2026-04-30,3747.67,3890.05,3737.71,3866.27,18135330.0,207694284670.0,none,2026-06-12 06:29:32
H30007,2026-05-06,4045.4,4243.91,4044.31,4107.27,24126335.0,279190335745.0,none,2026-06-12 06:29:32
H30007,2026-05-07,4136.76,4185.31,4077.7,4165.7,20769429.0,227034830781.0,none,2026-06-12 06:29:32
H30007,2026-05-08,4084.49,4091.63,4009.43,4051.86,18147414.0,190442035510.0,none,2026-06-12 06:29:32
H30007,2026-05-11,4194.78,4353.63,4168.43,4319.2,25822319.0,281779446475.0,none,2026-06-12 06:29:32
H30007,2026-05-12,4302.7,4392.97,4237.23,4341.85,22929500.0,243265100705.0,none,2026-06-12 06:29:32
H30007,2026-05-13,4228.32,4480.5,4192.47,4473.3,23536232.0,253145090313.0,none,2026-06-12 06:29:32
H30007,2026-05-14,4521.42,4545.09,4361.56,4363.56,23640740.0,256888036397.0,none,2026-06-12 06:29:32
H30007,2026-05-15,4370.66,4527.47,4219.46,4337.87,27230367.0,300574720642.0,none,2026-06-12 06:29:32
H30007,2026-05-18,4358.56,4512.7,4340.88,4389.04,22216844.0,251864387713.0,none,2026-06-12 06:29:32
H30007,2026-05-19,4335.02,4551.36,4255.22,4549.63,25321003.0,268247316806.0,none,2026-06-12 06:29:32
H30007,2026-05-20,4529.53,4761.34,4528.3,4753.89,29144451.0,307833442276.0,none,2026-06-12 06:29:32
H30007,2026-05-21,4837.75,4931.36,4563.97,4579.32,31926587.0,352147562260.0,none,2026-06-12 06:29:32
H30007,2026-05-22,4650.56,4711.26,4545.27,4696.79,24410564.0,270695083701.0,none,2026-06-12 06:29:32
H30007,2026-05-25,4705.81,5017.12,4631.91,5016.4,28582354.0,350032501655.0,none,2026-06-12 06:29:32
H30007,2026-05-26,4981.12,4990.31,4813.56,4957.52,30987569.0,342345512811.0,none,2026-06-12 06:29:32
H30007,2026-05-27,5005.65,5097.8,4827.27,4845.48,41104284.0,376812022019.0,none,2026-06-12 06:29:32
H30007,2026-05-28,4793.55,4907.15,4754.79,4874.94,34253125.0,311205360113.0,none,2026-06-12 06:29:32
H30007,2026-05-29,4899.13,4908.74,4547.21,4609.56,34425868.0,316507877063.0,none,2026-06-12 06:29:32
H30007,2026-06-01,4611.62,4621.11,4345.62,4353.89,27465128.0,259793419880.0,none,2026-06-12 06:29:32
H30007,2026-06-02,4379.98,4491.71,4283.14,4422.22,23497073.0,224972899364.0,none,2026-06-12 06:29:32
H30007,2026-06-03,4455.86,4698.89,4455.86,4568.71,29365008.0,291631015972.0,none,2026-06-12 06:29:32
H30007,2026-06-04,4502.63,4708.85,4499.03,4667.93,24376669.0,248520070550.0,none,2026-06-12 06:29:32
H30007,2026-06-05,4558.27,4624.03,4401.62,4426.34,24692051.0,236522630136.0,none,2026-06-12 06:29:32
H30007,2026-06-08,4178.31,4334.9,4177.96,4221.19,21009454.0,196219390015.0,none,2026-06-12 06:29:32
H30007,2026-06-09,4335.11,4443.58,4261.75,4437.32,20656400.0,192771148214.0,none,2026-06-12 06:29:32
H30007,2026-06-10,4415.75,4572.4,4347.48,4398.59,21094614.0,210139635399.0,none,2026-06-12 06:29:32
H30007,2026-06-11,4386.9,4478.68,4346.97,4427.54,17611748.0,184437421198.0,none,2026-06-12 06:29:32
H30007,2026-06-12,4615.55,4642.64,4429.61,4434.04,22998376.0,236061620158.0,none,2026-06-12 06:29:32
